"1","แลกเปลี่ยนความคิดเห็น - ความรู้","0" 
" ","20","First Post!","4" 
"21","ABC","15" 
" ","57","Lala","0" 
"25","JKL","21" 
"3","ห้องนักกีฬา","0" 
"15","ห้องแห่ง PO","0" 
" ","19","ห้องทดสอบข้อมูล","334" 
" ","21","ทดสอบข้อมูล 2 ","22" 
" ","43","test webboard","4" 
"23","tree","0" 
" ","49","abc","0" 
" ","50","ghi","0" 
" ","51","aa","0" 
" ","35","Teiouhana","19" 
" ","37","TC","42" 
" ","40","หัวข้อกระทู้ถาม","7" 
" ","41","TTEE","3" 
" ","42","test","4" 
" ","44","Sumire","47" 
" ","47","cafe","24" 
" ","48","windows","0" 
" ","52","abc","0" 
" ","53","ERE","0" 
" ","54","ab","0" 
" ","55","Mai Odoru","0" 
" ","56","Lone","0" 
