"1","http://tradelogistics.go.th/uploads/posts/5cee46b443961.jpg","http://tradelogistics.go.th/สถานการณ์โลจิสติกส์/ข่าวกิจกรรม/“พาณิชย์”-หนุนยกระดับ-“จุดผ่อนปรนช่องสายตะกู”-เป็นจุดผ่านแดนถาวร-เพิ่มโอกาสค้าขายไทย-กัมพูชา","2019-05-28 00:00:00","445","TH","“พาณิชย์” หนุนยกระดับ “จุดผ่อนปรนช่องสายตะกู” เป็นจุดผ่านแดนถาวร เพิ่มโอกาสค้าขายไทย-กัมพูชา"
"2","http://tradelogistics.go.th/uploads/posts/5cd3a85824352.jpg","http://tradelogistics.go.th/สถานการณ์โลจิสติกส์/ข่าวกิจกรรม/ไฮสปีดเชื่อมลงทุน-3-ประเทศ-ไทย-จีนจับมือดันมหานครการบิน","2019-05-09 00:00:00","445","TH","ไฮสปีดเชื่อมลงทุน 3 ประเทศ ไทย-จีนจับมือดันมหานครการบิน"
"3","http://tradelogistics.go.th/uploads/posts/5cbe9204de56a.jpg","http://tradelogistics.go.th/สถานการณ์โลจิสติกส์/ข่าวกิจกรรม/อีอีซีโรดโชว์เชื่อมมณฑลเหอหนาน","2019-04-23 00:00:00","445","TH","อีอีซีโรดโชว์เชื่อมมณฑลเหอหนาน"
"4","http://tradelogistics.go.th/uploads/posts/5cbe91b468969.jpg","http://tradelogistics.go.th/สถานการณ์โลจิสติกส์/ข่าวกิจกรรม/บิ๊กอู๋-ปั้นแรงงานป้อนตลาดขนส่ง-การค้าระหว่างประเทศ","2019-04-23 00:00:00","445","TH","""บิ๊กอู๋"" ปั้นแรงงานป้อนตลาดขนส่ง-การค้าระหว่างประเทศ"
"5","http://tradelogistics.go.th/uploads/posts/5ca711cd62a4c.jpg","http://tradelogistics.go.th/สถานการณ์โลจิสติกส์/ข่าวกิจกรรม/“พาณิชย์”ลงพื้นที่จกาญจนบุรี-ถกรัฐ-เอกชนร่วมมือดันการค้า-ลงทุนกับเมียนมา","2019-04-05 00:00:00","445","TH","“พาณิชย์”ลงพื้นที่จ.กาญจนบุรี ถกรัฐ-เอกชนร่วมมือดันการค้า-ลงทุนกับเมียนมา"
"6","http://tradelogistics.go.th/uploads/posts/5c9b0fd4b1903.jpg","http://tradelogistics.go.th/สถานการณ์โลจิสติกส์/ข่าวกิจกรรม/พาณิชย์กางแผนเตรียมบุกตลาดอินเดียปี’62-ยันเป้าส่งออกทั้งปีคง-8-แม้จะมีปัจจัยค่าเงิน-สงครามการค้า","2019-03-27 00:00:00","445","TH","พาณิชย์กางแผนเตรียมบุกตลาดอินเดียปี’62 ยันเป้าส่งออกทั้งปีคง 8% แม้จะมีปัจจัยค่าเงิน-สงครามการค้า"
"7","http://tradelogistics.go.th/uploads/posts/5c8f6826b2345.jpg","http://tradelogistics.go.th/สถานการณ์โลจิสติกส์/ข่าวกิจกรรม/สค-จัดสัมมนา-“ยกระดับโลจิสติกส์สู่ความเป็นเลิศ”-แนะกลยุทธ์ผู้ประกอบการ โลจิสติกส์ไทยสร้างโอกาสการแข่งขัน-พร้อมเข้าประกวด-elma-2019","2019-03-18 00:00:00","445","TH","สค. จัดสัมมนา “ยกระดับโลจิสติกส์สู่ความเป็นเลิศ” แนะกลยุทธ์ผู้ประกอบการ โลจิสติกส์ไทยสร้างโอกาสการแข่งขัน พร้อมเข้าประกวด ELMA 2019"
"8","http://tradelogistics.go.th/uploads/posts/5c8f679c6a1cd.jpg","http://tradelogistics.go.th/สถานการณ์โลจิสติกส์/ข่าวกิจกรรม/กรมการค้าฯเผยมูลค่าการค้าชายแดน-ผ่านแดนไทย-เดือนแรกปี’62-มูลค่ารวม-119464-ล้านบาท-ขยายตัว-184","2019-03-18 00:00:00","445","TH","กรมการค้าฯเผยมูลค่าการค้าชายแดน-ผ่านแดนไทย เดือนแรกปี’62  มูลค่ารวม 119,464 ล้านบาท ขยายตัว 1.84%"
"9","http://tradelogistics.go.th/uploads/posts/5c7e12b3497b5.jpg","http://tradelogistics.go.th/สถานการณ์โลจิสติกส์/ข่าวกิจกรรม/สหภาพยุโรปยกระดับการพัฒนาการขนส่งสินค้าและโลจิสติกส์ในอนุภูมิภาคลุ่มแม่น้ำโขง","2019-03-05 00:00:00","445","TH","สหภาพยุโรปยกระดับการพัฒนาการขนส่งสินค้าและโลจิสติกส์ในอนุภูมิภาคลุ่มแม่น้ำโขง"
"10","http://tradelogistics.go.th/uploads/posts/5c7e105e19006.jpg","http://tradelogistics.go.th/สถานการณ์โลจิสติกส์/ข่าวกิจกรรม/ปลื้ม-ทูต-wto-ของไทยผงาดขึ้นนั่งประธานองค์กรระงับข้อพิพาท-wto","2019-03-05 00:00:00","445","TH","ปลื้ม ทูต WTO ของไทยผงาดขึ้นนั่งประธานองค์กรระงับข้อพิพาท WTO"
"11","http://tradelogistics.go.th/uploads/posts/5b99e9a4aec03.jpg","http://tradelogistics.go.th/สถานการณ์โลจิสติกส์/ข่าวกิจกรรม/ยกระดับขนส่งยุค-40-ต้องเน้น-“สมาร์ท”-และ-เชื่อมโยง-“ดิจิทัล”","2018-09-13 00:00:00","445","TH","ยกระดับขนส่งยุค 4.0 ต้องเน้น “สมาร์ท” และ เชื่อมโยง “ดิจิทัล”"
"12","http://tradelogistics.go.th/uploads/posts/5b99e974ccefb.jpg","http://tradelogistics.go.th/สถานการณ์โลจิสติกส์/ข่าวกิจกรรม/นักวิชาการหวั่นไทยหลุดฮับขนส่งอาเซียน-จับตาเวียดนามเบียดไทยแซงขึ้นแท่น","2018-09-13 00:00:00","445","TH","นักวิชาการหวั่นไทยหลุดฮับขนส่งอาเซียน จับตาเวียดนามเบียดไทยแซงขึ้นแท่น"
"13","http://tradelogistics.go.th/uploads/posts/5b99e94141a10.jpg","http://tradelogistics.go.th/สถานการณ์โลจิสติกส์/ข่าวกิจกรรม/เวียดนามกระทบหนัก-หลังเผชิญลูกหลงสงครามการค้า-คาดส่งออกมีความเสี่ยงสูง","2018-09-13 00:00:00","445","TH","เวียดนามกระทบหนัก หลังเผชิญลูกหลงสงครามการค้า คาดส่งออกมีความเสี่ยงสูง"
"14","http://tradelogistics.go.th/uploads/posts/5b99e8fd1de40.jpg","http://tradelogistics.go.th/สถานการณ์โลจิสติกส์/ข่าวกิจกรรม/ส่งออกไทยคึกคัก-สหรัฐสั่งไทยเร่งเครื่องการผลิต-นำเข้าสินค้าทดแทนจากจีน","2018-09-13 00:00:00","445","TH","ส่งออกไทยคึกคัก สหรัฐสั่งไทยเร่งเครื่องการผลิต นำเข้าสินค้าทดแทนจากจีน"
"15","http://tradelogistics.go.th/uploads/posts/5b9767e42ba6e.jpg","http://tradelogistics.go.th/สถานการณ์โลจิสติกส์/ข่าวกิจกรรม/สค-จัดสัมมนานานาชาติ-หนุนโลจิสติกส์ไทยปรับตัวรับตลาดสินค้าเกษตรและอาหารเติบโต","2018-09-11 00:00:00","445","TH","สค. จัดสัมมนานานาชาติ  หนุนโลจิสติกส์ไทยปรับตัวรับตลาดสินค้าเกษตรและอาหารเติบโต"
"16","http://tradelogistics.go.th/uploads/posts/5b976693c80c4.jpg","http://tradelogistics.go.th/สถานการณ์โลจิสติกส์/ข่าวกิจกรรม/ผู้เชี่ยวชาญโลจิสติกส์ระดับโลก-ร่วมแบ่งปันความรู้-ในงาน-“symposium-2018”-เผยกลยุทธ์การบริหารห่วงโซ่อุปทานสินค้าเกษตรและสินค้าเน่าเสียง่าย","2018-09-11 00:00:00","445","TH","ผู้เชี่ยวชาญโลจิสติกส์ระดับโลก ร่วมแบ่งปันความรู้ ในงาน “Symposium 2018” เผยกลยุทธ์การบริหารห่วงโซ่อุปทานสินค้าเกษตรและสินค้าเน่าเสียง่าย"
"17","http://tradelogistics.go.th/uploads/posts/5b90a0ecab9e9.jpg","http://tradelogistics.go.th/สถานการณ์โลจิสติกส์/ข่าวกิจกรรม/“elma-2018”-รางวัลเกียรติยศด้านการบริหารจัดการโลจิสติกส์พัฒนาผู้ประกอบการไทย-สร้างความได้เปรียบทางธุรกิจ-สู่สนามการแข่งขันในตลาดโลก","2018-09-06 00:00:00","445","TH","    “ELMA 2018” รางวัลเกียรติยศด้านการบริหารจัดการโลจิสติกส์   พัฒนาผู้ประกอบการไทย สร้างความได้เปรียบทางธุรกิจ สู่สนามการแข่งขันในตลาดโลก "
"18","http://tradelogistics.go.th/uploads/posts/5b76963bbaddb.jpg","http://tradelogistics.go.th/สถานการณ์โลจิสติกส์/ข่าวกิจกรรม/จีนปฏิรูปขนส่งทางทะเล-ตั้งเป้าลดค่าใช้จ่าย-สคต-มั่นใจเอื้อประโยชน์ส่งออกไทย-จีน","2018-08-17 00:00:00","445","TH","จีนปฏิรูปขนส่งทางทะเล ตั้งเป้าลดค่าใช้จ่าย สคต. มั่นใจเอื้อประโยชน์ส่งออกไทย-จีน"
"19","http://tradelogistics.go.th/uploads/posts/5b76952bbe704.jpg","http://tradelogistics.go.th/สถานการณ์โลจิสติกส์/ข่าวกิจกรรม/โลจิสติกส์ไทยรุกหนัก-ขึ้นแท่นอันดับ-2-ในอาเซียน","2018-08-17 00:00:00","445","TH","โลจิสติกส์ไทยรุกหนัก  ขึ้นแท่นอันดับ 2 ในอาเซียน"
"20","http://tradelogistics.go.th/uploads/posts/5b61a190e3e5f.jpg","http://tradelogistics.go.th/สถานการณ์โลจิสติกส์/ข่าวกิจกรรม/พาณิชย์-ร่วมมือเอกชน-พัฒนา-ไทยแลนด์-อี-ฟูลฟิลเมนท์-ฮับ-แห่งแรกในไทย","2018-08-01 00:00:00","445","TH","พาณิชย์ ร่วมมือเอกชน พัฒนา ""ไทยแลนด์ อี-ฟูลฟิลเมนท์ ฮับ"" แห่งแรกในไทย"
"21","http://tradelogistics.go.th/uploads/posts/5b61a16b7ae77.jpg","http://tradelogistics.go.th/สถานการณ์โลจิสติกส์/ข่าวกิจกรรม/อุตสาหกรรมลุยหนัก-เร่งปั้นนิคมอุบลฯ-หนุนนโยบาย-neec-พร้อมเชื่อมการค้า-clmv","2018-08-01 00:00:00","445","TH","อุตสาหกรรมลุยหนัก เร่งปั้นนิคมอุบลฯ หนุนนโยบาย NEEC พร้อมเชื่อมการค้า CLMV"
"22","http://tradelogistics.go.th/uploads/posts/5b61a14568695.jpg","http://tradelogistics.go.th/สถานการณ์โลจิสติกส์/ข่าวกิจกรรม/กรมขนส่งฯ-คุมเข้ม-จัดระเบียบขนส่งวัตถุอันตราย-ผู้ขับขี่ต้องมีหนังสือรับรอง-ดีเดย์ใช้จริง-19-กย-นี้","2018-08-01 00:00:00","445","TH","กรมขนส่งฯ คุมเข้ม จัดระเบียบขนส่งวัตถุอันตราย ผู้ขับขี่ต้องมีหนังสือรับรอง ดีเดย์ใช้จริง 19 ก.ย. นี้"
"23","http://tradelogistics.go.th/uploads/posts/5b61a10c12684.jpg","http://tradelogistics.go.th/สถานการณ์โลจิสติกส์/ข่าวกิจกรรม/ส่งออกทะลุเป้าเกิน-8-ชี้ชัด-“จีน-สหรัฐ-อินเดีย”-มีศักยภาพนำเข้าสูงสุด","2018-08-01 00:00:00","445","TH","ส่งออกทะลุเป้าเกิน 8% ชี้ชัด “จีน-สหรัฐ-อินเดีย” มีศักยภาพนำเข้าสูงสุด"
"24","http://tradelogistics.go.th/uploads/posts/5b61a0e1a1570.jpg","http://tradelogistics.go.th/สถานการณ์โลจิสติกส์/ข่าวกิจกรรม/จับตา-สิงคโปร์-ตั้งศูนย์วิจัยการเดินเรือ-ตอกย้ำศูนย์กลางเดินเรือระดับโลก","2018-08-01 00:00:00","445","TH","จับตา สิงคโปร์ ตั้งศูนย์วิจัยการเดินเรือ ตอกย้ำศูนย์กลางเดินเรือระดับโลก"
"25","http://tradelogistics.go.th/uploads/posts/5b61a0a9607a4.jpg","http://tradelogistics.go.th/สถานการณ์โลจิสติกส์/ข่าวกิจกรรม/ไทย-ดึงญี่ปุ่นร่วมทุน-ไฮสปีทชินคันเซ็น-กรุงเทพ-เชียงใหม่","2018-08-01 00:00:00","445","TH","ไทย ดึงญี่ปุ่นร่วมทุน  ไฮสปีทชินคันเซ็น กรุงเทพ-เชียงใหม่"
"26","http://tradelogistics.go.th/uploads/posts/5b4c21092474f.jpg","http://tradelogistics.go.th/สถานการณ์โลจิสติกส์/ข่าวกิจกรรม/“อู่ตะเภา”-เตรียมเปิดประมูลอินเตอร์ฯ-บิดดิ้ง-ยกระดับสายการบิน-เชื่อมรถไฟความเร็วสูง","2018-07-16 00:00:00","445","TH","“อู่ตะเภา” เตรียมเปิดประมูลอินเตอร์ฯ บิดดิ้ง ยกระดับสายการบิน เชื่อมรถไฟความเร็วสูง"
"27","http://tradelogistics.go.th/uploads/posts/5b4c20a040679.jpg","http://tradelogistics.go.th/สถานการณ์โลจิสติกส์/ข่าวกิจกรรม/กรมเจรจาฯ-เชื่อมั่น-fta-ออสซี่ไม่กระทบส่งออกชาไทย-เดินหน้าเพิ่มคุณภาพส่งออก","2018-07-16 00:00:00","445","TH","กรมเจรจาฯ เชื่อมั่น FTA ออสซี่ไม่กระทบส่งออกชาไทย เดินหน้าเพิ่มคุณภาพส่งออก "
"28","http://tradelogistics.go.th/uploads/posts/5b43344e3ee8a.jpg","http://tradelogistics.go.th/สถานการณ์โลจิสติกส์/ข่าวกิจกรรม/จีนดัน-‘ฉางเป่ย’-ขึ้นแท่นศูนย์โลจิสติกส์ทางอากาศ-เปิดโอกาสผู้ประกอบการไทย-บุกตลาด-‘หนานชาง’","2018-07-09 00:00:00","445","TH","จีนดัน ‘ฉางเป่ย’ ขึ้นแท่นศูนย์โลจิสติกส์ทางอากาศ เปิดโอกาสผู้ประกอบการไทย บุกตลาด ‘หนานชาง’"
"29","http://tradelogistics.go.th/uploads/posts/5b43343289182.jpg","http://tradelogistics.go.th/สถานการณ์โลจิสติกส์/ข่าวกิจกรรม/โลจิสติกส์ไทยรุกหน้า-ขานรับอีอีซี-ลุยพัฒนาไฮสปีดเทรน-รถไฟทางคู่-หวังกระตุ้นศกไทย","2018-07-09 00:00:00","445","TH","โลจิสติกส์ไทยรุกหน้า ขานรับอีอีซี ลุยพัฒนาไฮสปีดเทรน-รถไฟทางคู่ หวังกระตุ้นศก.ไทย"
"30","http://tradelogistics.go.th/uploads/posts/5b43340c3977a.jpg","http://tradelogistics.go.th/สถานการณ์โลจิสติกส์/ข่าวกิจกรรม/เปิดแผนรถไฟทางคู่-“นครสวรรค์-แม่สอด”-ขยายโครงข่ายแนวออก-ตก-เชื่อมอาเซียน","2018-07-09 00:00:00","445","TH","เปิดแผนรถไฟทางคู่ “นครสวรรค์-แม่สอด”  ขยายโครงข่ายแนวออก-ตก เชื่อมอาเซียน"
"31","http://tradelogistics.go.th/uploads/posts/5b4333e4ab3c7.jpg","http://tradelogistics.go.th/สถานการณ์โลจิสติกส์/ข่าวกิจกรรม/อีคอมเมิร์ซข้ามพรมแดนจีนขยายตัว-เอื้อประโยชน์ผู้ส่งออกไทย","2018-07-09 00:00:00","445","TH","อีคอมเมิร์ซข้ามพรมแดนจีนขยายตัว  เอื้อประโยชน์ผู้ส่งออกไทย"
"32","http://tradelogistics.go.th/uploads/posts/5b4333b5d9bc0.jpg","http://tradelogistics.go.th/สถานการณ์โลจิสติกส์/ข่าวกิจกรรม/พาณิชย์พร้อมเจรจาอาร์เซ็ป-ดันสิทธิประโยชน์ให้ผู้ประกอบการไทย","2018-07-09 00:00:00","445","TH","พาณิชย์พร้อมเจรจาอาร์เซ็ป ดันสิทธิประโยชน์ให้ผู้ประกอบการไทย"
"33","http://tradelogistics.go.th/uploads/posts/5b4331bbb9ee1.jpg","http://tradelogistics.go.th/สถานการณ์โลจิสติกส์/ข่าวกิจกรรม/พาณิชย์เดินหน้า-เชื่อมเศรษฐกิจไทยรอบอ่าวเป่ยปู้","2018-07-09 00:00:00","445","TH","พาณิชย์เดินหน้า เชื่อมเศรษฐกิจไทยรอบอ่าวเป่ยปู้"
"34","http://tradelogistics.go.th/uploads/posts/5b43331b54f4f.jpg","http://tradelogistics.go.th/สถานการณ์โลจิสติกส์/ข่าวกิจกรรม/จีนไฮเทค-เปิดเทคโนโลยีโลจิสติกส์ยุคใหม่-พร้อมแผนพัฒนาสร้างโลจิสติกส์ฮับ-5-แห่งทั่วโลก","2018-07-09 00:00:00","445","TH","จีนไฮเทค เปิดเทคโนโลยีโลจิสติกส์ยุคใหม่ พร้อมแผนพัฒนาสร้างโลจิสติกส์ฮับ 5 แห่งทั่วโลก"
"35","http://tradelogistics.go.th/uploads/posts/5b43315e3c326.jpg","http://tradelogistics.go.th/สถานการณ์โลจิสติกส์/ข่าวกิจกรรม/m-senko-โลจิสติกส์น้องใหม่-บุกตลาดขนส่ง-ชูจุดแข็ง-cold-chain-เตรียมก้าวสู่-one-stop-service","2018-07-09 00:00:00","445","TH","M-SENKO โลจิสติกส์น้องใหม่ บุกตลาดขนส่ง ชูจุดแข็ง Cold Chain เตรียมก้าวสู่ One-stop Service"
"36","http://tradelogistics.go.th/uploads/posts/5b433033cf7a4.jpg","http://tradelogistics.go.th/สถานการณ์โลจิสติกส์/ข่าวกิจกรรม/ขนส่งจีนสุดเจ๋ง-เปิดตัวรถบรรทุกไร้คนขับ-ตั้งเป้ายกระดับโลจิสติกส์","2018-07-09 00:00:00","445","TH","ขนส่งจีนสุดเจ๋ง เปิดตัวรถบรรทุกไร้คนขับ ตั้งเป้ายกระดับโลจิสติกส์"
"37","http://tradelogistics.go.th/uploads/posts/5b43332f75496.jpg","http://tradelogistics.go.th/สถานการณ์โลจิสติกส์/ข่าวกิจกรรม/สนข-จัดทำแผนแม่บท-dry-port-หนุนไทยเป็นศูนย์กลางโลจิสติกส์-เตรียมเปิดให้เอกชนเข้าลงทุน","2018-07-09 00:00:00","445","TH","สนข. จัดทำแผนแม่บท Dry Port หนุนไทยเป็นศูนย์กลางโลจิสติกส์ เตรียมเปิดให้เอกชนเข้าลงทุน"
"38","http://tradelogistics.go.th/uploads/posts/5b432f554312c.jpg","http://tradelogistics.go.th/สถานการณ์โลจิสติกส์/ข่าวกิจกรรม/ยูเออีรุกหนัก-ประกาศให้วีซ่า-10-ปีนักลงทุน-หวังกระตุ้นเศรษฐกิจ","2018-07-09 00:00:00","445","TH","ยูเออีรุกหนัก ประกาศให้วีซ่า 10 ปีนักลงทุน หวังกระตุ้นเศรษฐกิจ"
"39","http://tradelogistics.go.th/uploads/posts/5b432db986c10.jpg","http://tradelogistics.go.th/สถานการณ์โลจิสติกส์/ข่าวกิจกรรม/ญี่ปุ่นเปลี่ยนทิศ-เดินหน้าลุยรถไฟแนว-e-w-เหตุมีแนวโน้มเศรษฐกิจที่ดี","2018-07-09 00:00:00","445","TH","ญี่ปุ่นเปลี่ยนทิศ เดินหน้าลุยรถไฟแนว E-W เหตุมีแนวโน้มเศรษฐกิจที่ดี"
"40","http://tradelogistics.go.th/uploads/posts/5b432b14ab584.jpg","http://tradelogistics.go.th/สถานการณ์โลจิสติกส์/ข่าวกิจกรรม/ไปรษณีย์ไทยจับมือ-dhl-express-เปิดบริการ-“courier-post”-มั่นใจเพิ่มโอกาสให้ธุรกิจอีคอมเมิร์ซและสตาร์ทอัพ","2018-07-09 00:00:00","445","TH","ไปรษณีย์ไทยจับมือ DHL Express เปิดบริการ “Courier Post” มั่นใจเพิ่มโอกาสให้ธุรกิจอีคอมเมิร์ซและสตาร์ทอัพ"
"41","http://tradelogistics.go.th/uploads/posts/5b43224ce898b.jpg","http://tradelogistics.go.th/สถานการณ์โลจิสติกส์/ข่าวกิจกรรม/เจาะเทรนด์ตลาดอีคอมเมิร์ซจีน-กระตุ้นผู้ประกอบการไทย-เพิ่มโอกาสการค้าออนไลน์","2018-07-09 00:00:00","445","TH","เจาะเทรนด์ตลาดอีคอมเมิร์ซจีน กระตุ้นผู้ประกอบการไทย เพิ่มโอกาสการค้าออนไลน์"
"42","http://tradelogistics.go.th/uploads/posts/5b431cb3920cf.jpg","http://tradelogistics.go.th/สถานการณ์โลจิสติกส์/ข่าวกิจกรรม/พาณิชย์-ผนึกกำลัง-เอกชน-พร้อมลงนาม-mou-เสริมทัพวงการอีคอมเมิร์ซไทย","2018-07-09 00:00:00","445","TH","พาณิชย์ ผนึกกำลัง เอกชน  พร้อมลงนาม MOU เสริมทัพวงการอีคอมเมิร์ซไทย"
"43","http://tradelogistics.go.th/uploads/posts/5b431c8761251.jpg","http://tradelogistics.go.th/สถานการณ์โลจิสติกส์/ข่าวกิจกรรม/อีคอมเมิร์ซญี่ปุ่นพุ่ง-เน้นพึ่งเทคโนโลยี-ชี้ส่งออกไทยต้องปรับตัว","2018-07-09 00:00:00","445","TH","อีคอมเมิร์ซญี่ปุ่นพุ่ง เน้นพึ่งเทคโนโลยี ชี้ส่งออกไทยต้องปรับตัว"
"44","http://tradelogistics.go.th/uploads/posts/5b431c60d9ff1.jpg","http://tradelogistics.go.th/สถานการณ์โลจิสติกส์/ข่าวกิจกรรม/vgi-ประกาศพันธมิตร-kerry-ทุ่ม-59-พันล้าน-เตรียมขยายช่องทางจัดส่งด่วน","2018-07-09 00:00:00","445","TH","VGI ประกาศพันธมิตร Kerry ทุ่ม 5.9 พันล้าน เตรียมขยายช่องทางจัดส่งด่วน"
"45","http://tradelogistics.go.th/uploads/posts/5b431bf6da87f.jpg","http://tradelogistics.go.th/สถานการณ์โลจิสติกส์/ข่าวกิจกรรม/6-มาตรการจีน-ดันโลจิสติกส์หนุนอีคอมเมิร์ซ","2018-07-09 00:00:00","445","TH","6 มาตรการจีน ดันโลจิสติกส์หนุนอีคอมเมิร์ซ"
"46","http://tradelogistics.go.th/uploads/posts/5b431bccf1af8.jpg","http://tradelogistics.go.th/สถานการณ์โลจิสติกส์/ข่าวกิจกรรม/สนข-อนุมัติโครงการ-‘ท่าเรือบก’-พื้นที่นิคมอุดร-พร้อมบรรจุในแผนแม่บทฯ-เตรียมเป็นศูนย์การขนส่งภาคอีสาน","2018-07-09 00:00:00","445","TH","สนข. อนุมัติโครงการ ‘ท่าเรือบก’ พื้นที่นิคมอุดร พร้อมบรรจุในแผนแม่บทฯ เตรียมเป็นศูนย์การขนส่งภาคอีสาน"
"47","http://tradelogistics.go.th/uploads/posts/5b431b90dca30.jpg","http://tradelogistics.go.th/สถานการณ์โลจิสติกส์/ข่าวกิจกรรม/กระทรวงแรงงาน-ดันโลจิสติกส์-เน้นตลาดส่งออก-เร่งพัฒนาแรงงาน-ขานรับไทยแลนด์-40","2018-07-09 00:00:00","445","TH","กระทรวงแรงงาน ดันโลจิสติกส์ เน้นตลาดส่งออก เร่งพัฒนาแรงงาน ขานรับไทยแลนด์ 4.0"
"48","http://tradelogistics.go.th/uploads/posts/5b431b5905c61.jpg","http://tradelogistics.go.th/สถานการณ์โลจิสติกส์/ข่าวกิจกรรม/พาณิชย์เจรจา-fta-ไทย-ตุรกี-หารือลดภาษี-เอื้อประโยชน์การค้าระหว่างกัน","2018-07-09 00:00:00","445","TH","พาณิชย์เจรจา FTA ไทย-ตุรกี หารือลดภาษี เอื้อประโยชน์การค้าระหว่างกัน"
"49","http://tradelogistics.go.th/uploads/posts/5b431b33b89c3.jpg","http://tradelogistics.go.th/สถานการณ์โลจิสติกส์/ข่าวกิจกรรม/อาลีบาบา-จับมือ-ไทย-ทุ่มเงิน-11-หมื่นล้าน-ลงทุนดิจิทัลฮับ-วางแผนยกระดับการส่งออก-อีคอมเมิร์ซ-smes","2018-07-09 00:00:00","445","TH","อาลีบาบา จับมือ ไทย ทุ่มเงิน 1.1 หมื่นล้าน ลงทุนดิจิทัลฮับ วางแผนยกระดับการส่งออก อีคอมเมิร์ซ SMEs"
"50","http://tradelogistics.go.th/uploads/posts/5b431b06af0a6.jpg","http://tradelogistics.go.th/สถานการณ์โลจิสติกส์/ข่าวกิจกรรม/พลิกโฉมค้าปลีก-walmart-จับมือ-fedex-เปิดศูนย์กระจายสินค้า-มั่นใจดึงลูกค้าเข้าร้านมากขึ้น","2018-07-09 00:00:00","445","TH","พลิกโฉมค้าปลีก Walmart จับมือ FedEx  เปิดศูนย์กระจายสินค้า มั่นใจดึงลูกค้าเข้าร้านมากขึ้น"
"51","http://tradelogistics.go.th/uploads/posts/5b431ac3b8a8f.jpg","http://tradelogistics.go.th/สถานการณ์โลจิสติกส์/ข่าวกิจกรรม/พาณิชย์ดันเศรษฐกิจไทยจับมือฮ่องกง-ผนึกกำลังพันธมิตรทางการค้า-เชื่อมโยง-sme-สองประเทศ","2018-07-09 00:00:00","445","TH","พาณิชย์ดันเศรษฐกิจไทยจับมือฮ่องกง ผนึกกำลังพันธมิตรทางการค้า เชื่อมโยง SME สองประเทศ"
"52","http://tradelogistics.go.th/uploads/posts/5b431a95e9445.jpg","http://tradelogistics.go.th/สถานการณ์โลจิสติกส์/ข่าวกิจกรรม/“ขบวนพิเศษดีเซลราง”-แผนระยะสั้น-แก้แอร์พอร์ตลิงค์แออัด-สหภาพฯ-เรียกร้องเพิ่มอีก-7-ขบวน-ชี้ชัดขยายโอกาสเติบโตเศรษฐกิจ","2018-07-09 00:00:00","445","TH","“ขบวนพิเศษดีเซลราง” แผนระยะสั้น แก้แอร์พอร์ตลิงค์แออัด สหภาพฯ เรียกร้องเพิ่มอีก 7 ขบวน ชี้ชัดขยายโอกาสเติบโตเศรษฐกิจ"
"53","http://tradelogistics.go.th/uploads/posts/5b431a425b337.jpg","http://tradelogistics.go.th/สถานการณ์โลจิสติกส์/ข่าวกิจกรรม/“ฟรีค่าธรรมเนียม”-ดันไทยสู่สังคมไร้เงินสด","2018-07-09 00:00:00","445","TH","“ฟรีค่าธรรมเนียม” ดันไทยสู่สังคมไร้เงินสด"
"54","http://tradelogistics.go.th/uploads/posts/5b43169aa4191.jpg","http://tradelogistics.go.th/สถานการณ์โลจิสติกส์/ข่าวกิจกรรม/grab-ซื้อ-uber-ดีลใหม่ธุรกิจขนส่ง-มั่นใจผูกขาดธุรกิจ-ride-hailing-ในภูมิภาคนี้อย่างสมบูรณ์","2018-07-09 00:00:00","445","TH","Grab ซื้อ Uber ดีลใหม่ธุรกิจขนส่ง มั่นใจผูกขาดธุรกิจ Ride Hailing ในภูมิภาคนี้อย่างสมบูรณ์"
"55","http://tradelogistics.go.th/uploads/posts/5b431483afb58.jpg","http://tradelogistics.go.th/สถานการณ์โลจิสติกส์/ข่าวกิจกรรม/กรมศุลฯ-ตั้งเขตพิเศษปลอดภาษี-เตรียมผลักดันระบบ-e-tracking-ลดขั้นตอนเอกสาร","2018-07-09 00:00:00","445","TH","กรมศุลฯ ตั้งเขตพิเศษปลอดภาษี เตรียมผลักดันระบบ e-Tracking ลดขั้นตอนเอกสาร"
"56","http://tradelogistics.go.th/uploads/posts/5b43155d4e8c8.jpg","http://tradelogistics.go.th/สถานการณ์โลจิสติกส์/ข่าวกิจกรรม/พาณิชย์เล็งจับมือรัสเซียดึงร่วมลงทุน-eec","2018-07-09 00:00:00","445","TH","พาณิชย์เล็งจับมือรัสเซียดึงร่วมลงทุน EEC"
"57","http://tradelogistics.go.th/uploads/posts/5b4313f2da88a.jpg","http://tradelogistics.go.th/สถานการณ์โลจิสติกส์/ข่าวกิจกรรม/ไทยเดินหน้าผลักดันเศรษฐกิจ-ต่อยอดความสำเร็จ-ชูกลยุทธ์-คมนาคม-ท่องเที่ยว-มั่นใจต่างชาติร่วมลงทุน","2018-07-09 00:00:00","445","TH","ไทยเดินหน้าผลักดันเศรษฐกิจ ต่อยอดความสำเร็จ ชูกลยุทธ์ คมนาคม-ท่องเที่ยว มั่นใจต่างชาติร่วมลงทุน "
"58","http://tradelogistics.go.th/uploads/posts/5b4313cd84674.jpg","http://tradelogistics.go.th/สถานการณ์โลจิสติกส์/ข่าวกิจกรรม/ทกท-ทุ่มงบฯ-ติดตั้งปั้นจั่นยกตู้สินค้า-หวังยกระดับความสามารถขนส่งไทย-เตรียมเปิดท่าเทียบเรือชายฝั่ง-ใช้จริง-มีค-นี้","2018-07-09 00:00:00","445","TH","ทกท. ทุ่มงบฯ ติดตั้งปั้นจั่นยกตู้สินค้า  หวังยกระดับความสามารถขนส่งไทย เตรียมเปิดท่าเทียบเรือชายฝั่ง ใช้จริง มี.ค. นี้"
"59","http://tradelogistics.go.th/uploads/posts/5b43139f465ab.jpg","http://tradelogistics.go.th/สถานการณ์โลจิสติกส์/ข่าวกิจกรรม/ไปรษณีย์ไทยรุกหน้า-บุกตลาดโลจิสติกส์-วางกลยุทธ์ปี-61-สู่ผู้นำธุรกิจครบวงจรในอาเซียน","2018-07-09 00:00:00","445","TH","ไปรษณีย์ไทยรุกหน้า บุกตลาดโลจิสติกส์ วางกลยุทธ์ปี 61 สู่ผู้นำธุรกิจครบวงจรในอาเซียน"
"60","http://tradelogistics.go.th/uploads/posts/5b43134b0e740.jpg","http://tradelogistics.go.th/สถานการณ์โลจิสติกส์/ข่าวกิจกรรม/การท่าเรือ-เชื่อมโยงข้อมูล-กรมศุลกากร-ปั้น-e-matching-ผลักดันผู้ส่งออกไทย","2018-07-09 00:00:00","445","TH","การท่าเรือ เชื่อมโยงข้อมูล กรมศุลกากร ปั้น e-Matching ผลักดันผู้ส่งออกไทย"
"61","http://tradelogistics.go.th/uploads/posts/5b43132e103b5.jpg","http://tradelogistics.go.th/สถานการณ์โลจิสติกส์/ข่าวกิจกรรม/“นินจาแวน”-ชูเทคโนโลยี-ตั้งเป้าขึ้นแท่นผู้นำด้านการขนส่ง","2018-07-09 00:00:00","445","TH","“นินจาแวน” ชูเทคโนโลยี ตั้งเป้าขึ้นแท่นผู้นำด้านการขนส่ง"
"62","http://tradelogistics.go.th/uploads/posts/5b431309e9349.jpg","http://tradelogistics.go.th/สถานการณ์โลจิสติกส์/ข่าวกิจกรรม/คมนาคมเร่งสร้างมอเตอร์เวย์-2-สาย-เดินหน้าตามแผนเชื่อมโครงข่ายขนส่งใน-eec","2018-07-09 00:00:00","445","TH","คมนาคมเร่งสร้างมอเตอร์เวย์ 2 สาย เดินหน้าตามแผนเชื่อมโครงข่ายขนส่งใน EEC"
"63","http://tradelogistics.go.th/uploads/posts/5b4312938935e.jpg","http://tradelogistics.go.th/สถานการณ์โลจิสติกส์/ข่าวกิจกรรม/พาณิชย์ชี้ช่องทางชิงความได้เปรียบ-แนะผู้ประกอบการใช้สิทธิ-fta-ส่งออก","2018-07-09 00:00:00","445","TH","พาณิชย์ชี้ช่องทางชิงความได้เปรียบ แนะผู้ประกอบการใช้สิทธิ FTA ส่งออก"
"64","http://tradelogistics.go.th/uploads/posts/5b43125b51236.jpg","http://tradelogistics.go.th/สถานการณ์โลจิสติกส์/ข่าวกิจกรรม/ลุ้น-2-ยักษ์ใหญ่-จับมือ-ตั้งบริษัทร่วมทุนประมูลไฮสปีดเทรน-ขานรับโครงการรถไฟความเร็วสูงเชื่อม-3-สนามบิน","2018-07-09 00:00:00","445","TH","ลุ้น 2 ยักษ์ใหญ่ จับมือ ตั้งบริษัทร่วมทุนประมูลไฮสปีดเทรน ขานรับโครงการรถไฟความเร็วสูงเชื่อม 3 สนามบิน"
"65","http://tradelogistics.go.th/uploads/posts/5b4311e181a94.jpg","http://tradelogistics.go.th/สถานการณ์โลจิสติกส์/ข่าวกิจกรรม/พาณิชย์ตั้งเป้า-ปี-61-ส่งออกโตมากกว่า-8-เตรียมเฝ้าระวังค่าเงินบาทแข็งตัว-มองเป็นข้อดีสำหรับการลงทุนด้าน-ai","2018-07-09 00:00:00","445","TH","พาณิชย์ตั้งเป้า ปี 61 ส่งออกโตมากกว่า 8% เตรียมเฝ้าระวังค่าเงินบาทแข็งตัว มองเป็นข้อดีสำหรับการลงทุนด้าน AI"
"66","http://tradelogistics.go.th/uploads/posts/5b4311977b8af.jpg","http://tradelogistics.go.th/สถานการณ์โลจิสติกส์/ข่าวกิจกรรม/ทอท-ผุดแนวคิด-สร้าง-logistic-park-สนับสนุนผู้ประกอบ-เพิ่มการขนส่งสินค้าทางอากาศ","2018-07-09 00:00:00","445","TH","ทอท. ผุดแนวคิด สร้าง Logistic Park สนับสนุนผู้ประกอบ เพิ่มการขนส่งสินค้าทางอากาศ"
"67","http://tradelogistics.go.th/uploads/posts/5b43115fdd93b.jpg","http://tradelogistics.go.th/สถานการณ์โลจิสติกส์/ข่าวกิจกรรม/นครชัยแอร์-ต่อยอด-ธุรกิจโลจิสติกส์-ขนส่งด่วนถึงมือลูกค้า-รับ-อีคอมเมิร์ซ","2018-07-09 00:00:00","445","TH","นครชัยแอร์ ต่อยอด ธุรกิจโลจิสติกส์ ขนส่งด่วนถึงมือลูกค้า รับ อีคอมเมิร์ซ"
"68","http://tradelogistics.go.th/uploads/posts/5b42e1d8ae721.jpg","http://tradelogistics.go.th/สถานการณ์โลจิสติกส์/ข่าวกิจกรรม/เตรียมเวนคืน-25-พันไร่-สร้างศูนย์โลจิสติกส์-พร้อมเปิดประมูลดึงเอกชนร่วมลงทุน","2018-07-09 00:00:00","445","TH","เตรียมเวนคืน 2.5 พันไร่ สร้างศูนย์โลจิสติกส์ พร้อมเปิดประมูลดึงเอกชนร่วมลงทุน"
"69","http://tradelogistics.go.th/uploads/posts/5b3e259c0294c.jpg","http://tradelogistics.go.th/สถานการณ์โลจิสติกส์/ข่าวกิจกรรม/พาณิชย์ตื่นตัว-หารือทุกภาคส่วน-ดันโลจิสติกส์-หนุนธุรกิจ-smes-ผ่านอีคอมเมิร์ซ","2018-07-05 00:00:00","445","TH","พาณิชย์ตื่นตัว หารือทุกภาคส่วน ดันโลจิสติกส์ หนุนธุรกิจ SMEs ผ่านอีคอมเมิร์ซ"
"70","http://tradelogistics.go.th/uploads/posts/5b3df20976d57.jpg","http://tradelogistics.go.th/สถานการณ์โลจิสติกส์/ข่าวกิจกรรม/การท่าเรือแห่งประเทศไทย-กระตุ้นขนส่งทางน้ำ-รองรับ-eec-มั่นใจส่งผลดีด้านโลจิสติกส์","2018-07-05 00:00:00","445","TH","การท่าเรือแห่งประเทศไทย กระตุ้นขนส่งทางน้ำ รองรับ EEC มั่นใจส่งผลดีด้านโลจิสติกส์"
"71","http://tradelogistics.go.th/uploads/posts/5b3df1b43047c.jpg","http://tradelogistics.go.th/สถานการณ์โลจิสติกส์/ข่าวกิจกรรม/กรมพัฒน์ฯ-จัดทัพเร่งพัฒนาผู้ประกอบการโลจิสติกส์ไทย-มุ่งสู่ไทยแลนด์-40","2018-07-05 00:00:00","445","TH","กรมพัฒน์ฯ จัดทัพเร่งพัฒนาผู้ประกอบการโลจิสติกส์ไทย มุ่งสู่ไทยแลนด์ 4.0"
"72","http://tradelogistics.go.th/uploads/posts/5b3df10bd5d7f.jpg","http://tradelogistics.go.th/สถานการณ์โลจิสติกส์/ข่าวกิจกรรม/เปิดเพิ่ม-โลจิสติกส์ฮับแห่งใหม่-“เชียงของ-รองรับเส้นทางการค้า-ไทย-ลาว-จีน","2018-07-05 00:00:00","445","TH","เปิดเพิ่ม โลจิสติกส์ฮับแห่งใหม่ “เชียงของ"" รองรับเส้นทางการค้า ไทย ลาว จีน"
"73","http://tradelogistics.go.th/uploads/posts/5b3df0d992706.jpg","http://tradelogistics.go.th/สถานการณ์โลจิสติกส์/ข่าวกิจกรรม/เปิดร่างยุทธศาสตร์อีคอมเมิร์ซกระทรวงพาณิชย์-มุ่งยกระดับให้บริการโลจิสติกส์แบบครบวงจร","2018-07-05 00:00:00","445","TH","เปิดร่างยุทธศาสตร์อีคอมเมิร์ซกระทรวงพาณิชย์ มุ่งยกระดับให้บริการโลจิสติกส์แบบครบวงจร"
"74","http://tradelogistics.go.th/uploads/posts/5b3df0ac0ff1b.jpg","http://tradelogistics.go.th/สถานการณ์โลจิสติกส์/ข่าวกิจกรรม/จับตา-“พิษณุโลก”-เตรียมขึ้นแท่นเป็นศูนย์โลจิสติกส์ครบวงจร","2018-07-05 00:00:00","445","TH","จับตา “พิษณุโลก” เตรียมขึ้นแท่นเป็นศูนย์โลจิสติกส์ครบวงจร"
"75","http://tradelogistics.go.th/uploads/posts/5b3df06917250.jpg","http://tradelogistics.go.th/สถานการณ์โลจิสติกส์/ข่าวกิจกรรม/ไทยเดินหน้า-เร่งพัฒนาโลจิสติกส์ทางน้ำ-ตั้งเป้าลดต้นทุนโลจิสติกส์ของประเทศ-เพิ่มปริมาณขนส่งสินค้าทางน้ำ","2018-07-03 00:00:00","445","TH","ไทยเดินหน้า เร่งพัฒนาโลจิสติกส์ทางน้ำ ตั้งเป้าลดต้นทุนโลจิสติกส์ของประเทศ เพิ่มปริมาณขนส่งสินค้าทางน้ำ"
"76","http://tradelogistics.go.th/uploads/posts/5b02685f7c7b1.jpg","http://tradelogistics.go.th/สถานการณ์โลจิสติกส์/ข่าวกิจกรรม/microsoft-ซื้อกิจการ-semantic-machines-สตาร์ทอัพรวมดาวสาย-ai-บทสนทนาโต้ตอบ","2018-05-21 00:00:00","445","TH","Microsoft ซื้อกิจการ Semantic Machines สตาร์ทอัพรวมดาวสาย AI บทสนทนาโต้ตอบ"
"77","http://tradelogistics.go.th/uploads/posts/5b026823eb1c8.jpg","http://tradelogistics.go.th/สถานการณ์โลจิสติกส์/ข่าวกิจกรรม/จุดกำเนิด-ryzen-พลิกโฉม-amd-เขย่าบัลลังก์-intel-มาจากความล้มเหลวของ-bulldozer","2018-05-21 00:00:00","445","TH","จุดกำเนิด Ryzen พลิกโฉม AMD เขย่าบัลลังก์ Intel มาจากความล้มเหลวของ Bulldozer"
"78","http://tradelogistics.go.th/uploads/posts/5cbecd818852e.png","http://tradelogistics.go.th/สถานการณ์โลจิสติกส์/ข่าวกิจกรรม/ลุ้นอาเซียนถกเสรีการค้าฮ่องกงบรรลุผล-สคนี้","2016-06-24 00:00:00","445","TH","ลุ้นอาเซียนถกเสรีการค้าฮ่องกงบรรลุผล ส.ค.นี้"
"79","http://tradelogistics.go.th/uploads/posts/5cbecb9c64e69.png","http://tradelogistics.go.th/สถานการณ์โลจิสติกส์/ข่าวกิจกรรม/ยุโรป-ย้ำสัมพันธ์-clmvt-ปั้น-โลจิสติกส์ยั่งยืน-คานอำนาจจีน","2016-06-22 00:00:00","445","TH","""ยุโรป"" ย้ำสัมพันธ์ CLMVT ปั้น ""โลจิสติกส์ยั่งยืน"" คานอำนาจจีน"
"80","http://tradelogistics.go.th/uploads/posts/5cbecaeb7af6b.png","http://tradelogistics.go.th/สถานการณ์โลจิสติกส์/ข่าวกิจกรรม/อินเดียฮิตหัตถกรรมไทย","2016-06-21 00:00:00","445","TH","อินเดียฮิตหัตถกรรมไทย"
"81","http://tradelogistics.go.th/uploads/posts/5cbeca8e32777.png","http://tradelogistics.go.th/สถานการณ์โลจิสติกส์/ข่าวกิจกรรม/พาณิชย์ปรับโฉมตลาดโรงเกลือ","2016-06-20 00:00:00","445","TH","พาณิชย์ปรับโฉมตลาดโรงเกลือ"
"82","http://tradelogistics.go.th/uploads/posts/5cbec9c47bfea.png","http://tradelogistics.go.th/สถานการณ์โลจิสติกส์/ข่าวกิจกรรม/เปิดพื้นที่จังหวัดสระแก้ว-ทำเลทองชายแดนบูรพา","2016-06-19 00:00:00","445","TH","เปิดพื้นที่จังหวัดสระแก้ว ทำเลทองชายแดนบูรพา"
"83","http://tradelogistics.go.th/uploads/posts/5cbec97bc6d19.png","http://tradelogistics.go.th/สถานการณ์โลจิสติกส์/ข่าวกิจกรรม/ธุรกิจโรงแรมในเมียนมา-มาแรง","2016-06-17 00:00:00","445","TH","ธุรกิจโรงแรมในเมียนมา มาแรง"
"84","http://tradelogistics.go.th/uploads/posts/5cbec945c95f4.png","http://tradelogistics.go.th/สถานการณ์โลจิสติกส์/ข่าวกิจกรรม/กระทรวงพาณิชย์มั่นใจส่งออกอาหารทะเลพุ่ง-หลังสหรัฐอเมริกา-ลดระดับปัญหาค้ามนุษย์มาอยู่ที่-tier-2","2016-06-16 00:00:00","445","TH","กระทรวงพาณิชย์มั่นใจส่งออกอาหารทะเลพุ่ง หลังสหรัฐอเมริกา  ลดระดับปัญหาค้ามนุษย์มาอยู่ที่ Tier 2"
"85","http://tradelogistics.go.th/uploads/posts/5cbebfb07475c.png","http://tradelogistics.go.th/สถานการณ์โลจิสติกส์/ข่าวกิจกรรม/กรมส่งเสริมหนุนสตาร์ทอัพสู่ตลาดโลก","2016-06-15 00:00:00","445","TH","กรมส่งเสริมหนุนสตาร์ทอัพสู่ตลาดโลก"
"86","http://tradelogistics.go.th/uploads/posts/5cbebedbed7c6.jpg","http://tradelogistics.go.th/สถานการณ์โลจิสติกส์/ข่าวกิจกรรม/แคลิฟอร์เนียสร้างถนนสำหรับรถยนต์ไฟฟ้าโดยเฉพาะ","2016-06-15 00:00:00","445","TH","แคลิฟอร์เนียสร้างถนนสำหรับรถยนต์ไฟฟ้าโดยเฉพาะ"
"87","http://tradelogistics.go.th/uploads/posts/5cbebde673924.png","http://tradelogistics.go.th/สถานการณ์โลจิสติกส์/ข่าวกิจกรรม/เขตเศรษฐกิจแม่สอดก้าวไม่ทันเมียนมา-เกาหลีข้ามฝั่งลงทุนภาคเกษตร","2016-06-14 00:00:00","445","TH","เขตเศรษฐกิจแม่สอดก้าวไม่ทันเมียนมา เกาหลีข้ามฝั่งลงทุนภาคเกษตร"
"88","http://tradelogistics.go.th/uploads/posts/5cbebda96519b.png","http://tradelogistics.go.th/สถานการณ์โลจิสติกส์/ข่าวกิจกรรม/3-กระทรวงผนึกกำลังจัดงานประชุม-clmvt-forum-2016","2016-06-13 00:00:00","445","TH","3 กระทรวงผนึกกำลังจัดงานประชุม CLMVT Forum 2016"
"89","http://tradelogistics.go.th/uploads/posts/5cbebd75061d7.png","http://tradelogistics.go.th/สถานการณ์โลจิสติกส์/ข่าวกิจกรรม/รมวพาณิชย์-หารือสมาคมการค้ายูโรเปียนเพื่อธุรกิจและการพาณิชย์","2016-06-10 00:00:00","445","TH","รมว.พาณิชย์ หารือสมาคมการค้ายูโรเปียนเพื่อธุรกิจและการพาณิชย์"
"90","http://tradelogistics.go.th/uploads/posts/5cbebd3790bc9.png","http://tradelogistics.go.th/สถานการณ์โลจิสติกส์/ข่าวกิจกรรม/เขตเศรษฐกิจพิเศษมุกดาหาร-ประตูชายแดนอินโดจีน","2016-06-09 00:00:00","445","TH","เขตเศรษฐกิจพิเศษมุกดาหาร ประตูชายแดนอินโดจีน"
"91","http://tradelogistics.go.th/uploads/posts/5cbebcede6a70.png","http://tradelogistics.go.th/สถานการณ์โลจิสติกส์/ข่าวกิจกรรม/พาณิชย์เร่งส่งเสริม-ธุรกิจก่อสร้างและ-วิศวกรรม-ดันเข้าตลาดอาเซียน","2016-06-08 00:00:00","445","TH","พาณิชย์เร่งส่งเสริม ธุรกิจก่อสร้างและ วิศวกรรม  ดันเข้าตลาดอาเซียน"
"92","http://tradelogistics.go.th/uploads/posts/5cbeb9534189e.png","http://tradelogistics.go.th/สถานการณ์โลจิสติกส์/ข่าวกิจกรรม/กระทรวงอุตสาหกรรม-แจ้งเกิดเขตเศรษฐกิจพิเศษสระแก้ว","2016-06-07 00:00:00","445","TH","กระทรวงอุตสาหกรรม แจ้งเกิดเขตเศรษฐกิจพิเศษสระแก้ว"
"93","http://tradelogistics.go.th/uploads/posts/5cbeb81e229d9.png","http://tradelogistics.go.th/สถานการณ์โลจิสติกส์/ข่าวกิจกรรม/เวียดนามคว้าส่วนแบ่งทางการค้าในกลุ่มยุโรป","2016-06-06 00:00:00","445","TH","เวียดนามคว้าส่วนแบ่งทางการค้าในกลุ่มยุโรป"
"94","http://tradelogistics.go.th/uploads/posts/5cbeb7b95ad1a.png","http://tradelogistics.go.th/สถานการณ์โลจิสติกส์/ข่าวกิจกรรม/“มหกรรมธงฟ้าอิ่มท้องทั่วไทยไปกับหนูณิชย์”","2016-06-03 00:00:00","445","TH","“มหกรรมธงฟ้า : อิ่มท้องทั่วไทยไปกับหนูณิชย์”"
"95","http://tradelogistics.go.th/uploads/posts/5cbeb6eb48e48.png","http://tradelogistics.go.th/สถานการณ์โลจิสติกส์/ข่าวกิจกรรม/matrade-เรียกร้องให้มีการรับรองฮาลาลที่มีมาตรฐานเดียวกันในอาเซียน","2016-06-02 00:00:00","445","TH","Matrade เรียกร้องให้มีการรับรองฮาลาลที่มีมาตรฐานเดียวกันในอาเซียน"
"96","http://tradelogistics.go.th/uploads/posts/5cbeae947518d.jpg","http://tradelogistics.go.th/สถานการณ์โลจิสติกส์/ข่าวกิจกรรม/อินเดียเพิ่มอัตราภาษีส่งออกน้ำตาลเป็น-20-เพื่อมิให้ราคาน้ำตาลในประเทศปรับเพิ่มสูงขึ้น","2016-06-01 00:00:00","445","TH","อินเดียเพิ่มอัตราภาษีส่งออกน้ำตาลเป็น 20% เพื่อมิให้ราคาน้ำตาลในประเทศปรับเพิ่มสูงขึ้น"
"97","http://tradelogistics.go.th/uploads/posts/5cbead3cc5a2f.png","http://tradelogistics.go.th/สถานการณ์โลจิสติกส์/ข่าวกิจกรรม/โอกาสผู้ประกอบการไทยหลังอินเดียพลิกโฉมสร้าง-brand-image-ใหม่-หวังเพิ่มการลงทุน","2016-05-27 00:00:00","445","TH","โอกาสผู้ประกอบการไทยหลังอินเดียพลิกโฉมสร้าง Brand Image ใหม่ หวังเพิ่มการลงทุน"
"98","http://tradelogistics.go.th/uploads/posts/5cbeacd8503ce.png","http://tradelogistics.go.th/สถานการณ์โลจิสติกส์/ข่าวกิจกรรม/อภิรดี-สั่งแก้ปัญหาค่าผ่านด่านสปปลาวด่วน","2016-05-27 00:00:00","445","TH","อภิรดี สั่งแก้ปัญหาค่าผ่านด่านสปป.ลาวด่วน"
"99","http://tradelogistics.go.th/uploads/posts/5cbeaca4f1d4f.png","http://tradelogistics.go.th/สถานการณ์โลจิสติกส์/ข่าวกิจกรรม/ห่วงสินค้าไทยถูกตอบโต้การค้า","2016-05-26 00:00:00","445","TH","ห่วงสินค้าไทยถูกตอบโต้การค้า"
"100","http://tradelogistics.go.th/uploads/posts/5cbeac7228b60.png","http://tradelogistics.go.th/สถานการณ์โลจิสติกส์/ข่าวกิจกรรม/แรงงานเมียนมาไหลกลับ5หมื่นคน-อุตฯประมง-ก่อสร้างมหาชัย-อัมพวาวิกฤตใหม่พิษไอยูยู","2016-05-25 00:00:00","445","TH","แรงงานเมียนมาไหลกลับ5หมื่นคน อุตฯประมง-ก่อสร้าง""มหาชัย-อัมพวา""วิกฤตใหม่พิษไอยูยู"
"101","http://tradelogistics.go.th/uploads/posts/5cbeac40ae573.png","http://tradelogistics.go.th/สถานการณ์โลจิสติกส์/ข่าวกิจกรรม/เมืองกาญจน์จับมือรัฐมอญ-ดัน-‘เจดีย์สามองค์’-ศูนย์ค้าชายแดน","2016-05-24 00:00:00","445","TH","เมืองกาญจน์จับมือรัฐมอญ ดัน ‘เจดีย์สามองค์’ ศูนย์ค้าชายแดน"
"102","http://tradelogistics.go.th/uploads/posts/5cbeabdd768ec.jpg","http://tradelogistics.go.th/สถานการณ์โลจิสติกส์/ข่าวกิจกรรม/ดานังปรับแผนแม่บทพัฒนาเศรษฐกิจในปี-2030-2050-ท่ามกลางการพัฒนาที่เป็นไปอย่างรวดเร็ว","2016-05-23 00:00:00","445","TH","ดานังปรับแผนแม่บทพัฒนาเศรษฐกิจในปี 2030-2050 ท่ามกลางการพัฒนาที่เป็นไปอย่างรวดเร็ว"
"103","http://tradelogistics.go.th/uploads/posts/5cbeaa8d9fb21.png","http://tradelogistics.go.th/สถานการณ์โลจิสติกส์/ข่าวกิจกรรม/ธนาคารเครดิตแห่งสวิส-กำหนดเป้าหมายเศรษฐีในประเทศไทย","2016-05-20 00:00:00","445","TH","ธนาคารเครดิตแห่งสวิส กำหนดเป้าหมายเศรษฐีในประเทศไทย"
"104","http://tradelogistics.go.th/uploads/posts/5cbeaa3f4ca35.png","http://tradelogistics.go.th/สถานการณ์โลจิสติกส์/ข่าวกิจกรรม/รูปแบบการทำธุรกิจพาณิชยอิเล็กทรอนิกส์เพื่อนำมาใช้กับธุรกิจค้าปลีกของ-mandis","2016-05-19 00:00:00","445","TH","รูปแบบการทำธุรกิจพาณิชยอิเล็กทรอนิกส์เพื่อนำมาใช้กับธุรกิจค้าปลีกของ Mandis"
"105","http://tradelogistics.go.th/uploads/posts/5cbea99987bea.jpg","http://tradelogistics.go.th/สถานการณ์โลจิสติกส์/ข่าวกิจกรรม/โลกาภิวัฒน์ยังคงอยู่","2016-05-18 00:00:00","445","TH","โลกาภิวัฒน์ยังคงอยู่"
"106","http://tradelogistics.go.th/uploads/posts/5cbea78137646.png","http://tradelogistics.go.th/สถานการณ์โลจิสติกส์/ข่าวกิจกรรม/ทช-หนุนขนส่ง-ศกพิเศษชายแดน-สร้างถนนเลี่ยงเมืองอรัญฯ-กว่า-15-กม","2016-05-16 00:00:00","445","TH","ทช. หนุนขนส่ง ศก.พิเศษชายแดน สร้างถนนเลี่ยงเมืองอรัญฯ กว่า 15 กม."
"107","http://tradelogistics.go.th/uploads/posts/5cbea6fd6d4aa.png","http://tradelogistics.go.th/สถานการณ์โลจิสติกส์/ข่าวกิจกรรม/จ่อถกเอฟทีเอไทย-ออสเตรเลีย","2016-05-13 00:00:00","445","TH","จ่อถกเอฟทีเอไทย-ออสเตรเลีย"
"108","http://tradelogistics.go.th/uploads/posts/5cbea6c2312b3.png","http://tradelogistics.go.th/สถานการณ์โลจิสติกส์/ข่าวกิจกรรม/การค้าไทย-–-สวิสเพิ่มโตทะลุ-60","2016-05-12 00:00:00","445","TH","การค้าไทย – สวิสเพิ่มโตทะลุ 60%"
"109","http://tradelogistics.go.th/uploads/posts/5cbea6244edde.png","http://tradelogistics.go.th/สถานการณ์โลจิสติกส์/ข่าวกิจกรรม/กลุ่มธุรกิจเกาหลี-ลงพื้นที่ศึกษาการค้าชายแดน-แม่สอด-เพื่อประเมินก่อนลงทุน","2016-05-11 00:00:00","445","TH","กลุ่มธุรกิจเกาหลี ลงพื้นที่ศึกษาการค้าชายแดน แม่สอด เพื่อประเมินก่อนลงทุน"
"110","http://tradelogistics.go.th/uploads/posts/5cbe98f371c26.png","http://tradelogistics.go.th/สถานการณ์โลจิสติกส์/ข่าวกิจกรรม/กระทรวงพาณิชย์เชื่อมั่นการค้าการลงทุนไทย-เดนมาร์กแจ่มใส-ระบุศักยภาพโลจิสติกส์ไทยโดดเด่นในภูมิภาค","2016-05-10 00:00:00","445","TH","กระทรวงพาณิชย์เชื่อมั่นการค้าการลงทุนไทย-เดนมาร์กแจ่มใส  ระบุศักยภาพโลจิสติกส์ไทยโดดเด่นในภูมิภาค"
"111","http://tradelogistics.go.th/uploads/posts/5cbe98badfd42.png","http://tradelogistics.go.th/สถานการณ์โลจิสติกส์/ข่าวกิจกรรม/“กรมพัฒน์”-เดินหน้าดันธุรกิจลอจิสติกส์ภาคใต้-ขยายกิจการรับเขตพัฒนาเศรษฐกิจพิเศษ","2016-05-09 00:00:00","445","TH","“กรมพัฒน์” เดินหน้าดันธุรกิจลอจิสติกส์ภาคใต้ ขยายกิจการรับเขตพัฒนาเศรษฐกิจพิเศษ"
"112","http://tradelogistics.go.th/uploads/posts/5cbe98256d594.png","http://tradelogistics.go.th/สถานการณ์โลจิสติกส์/ข่าวกิจกรรม/รัฐมนตรีว่าการกระทรวงพาณิชย์กลุ่มเอเปคเจรจาต่อการจัดตั้งเขตการค้าเสรี-ftaap","2016-05-06 00:00:00","445","TH","รัฐมนตรีว่าการกระทรวงพาณิชย์กลุ่มเอเปคเจรจาต่อการจัดตั้งเขตการค้าเสรี  FTAAP"
"113","http://tradelogistics.go.th/uploads/posts/5cbe97dde22ac.png","http://tradelogistics.go.th/สถานการณ์โลจิสติกส์/ข่าวกิจกรรม/ไทย-–-สหรัฐอเมริกา-เร่งผลักดันเพิ่มมูลค่าการค้าการลงทุน-และหวังให้สหรัฐฯ-เป็นคู่ค้าอันดับ-1","2016-05-05 00:00:00","445","TH","ไทย – สหรัฐอเมริกา เร่งผลักดันเพิ่มมูลค่าการค้าการลงทุน และหวังให้สหรัฐฯ  เป็นคู่ค้าอันดับ 1 "
"114","http://tradelogistics.go.th/uploads/posts/5cbe974cf1605.png","http://tradelogistics.go.th/สถานการณ์โลจิสติกส์/ข่าวกิจกรรม/ไทยติดอันดับ-21-ของประเทศน่าลงทุน","2016-05-04 00:00:00","445","TH","ไทยติดอันดับ 21 ของประเทศน่าลงทุน"
"115","http://tradelogistics.go.th/uploads/posts/5cbe96c3529bb.png","http://tradelogistics.go.th/สถานการณ์โลจิสติกส์/ข่าวกิจกรรม/เขตศกพิเศษมุกดาหาร-ประตูชายแดนอินโดจีน","2016-05-03 00:00:00","445","TH","เขตศก.พิเศษมุกดาหาร ประตูชายแดนอินโดจีน"
"116","http://tradelogistics.go.th/uploads/posts/5cbe9692820b8.png","http://tradelogistics.go.th/สถานการณ์โลจิสติกส์/ข่าวกิจกรรม/ไทยยืนยันความมุ่งมั่นที่จะส่งเสริมความร่วมมือกับรัสเซียในทุกมิติ-ทั้งในระดับทวิภาคีและระดับภูมิภาค","2016-05-02 00:00:00","445","TH","ไทยยืนยันความมุ่งมั่นที่จะส่งเสริมความร่วมมือกับรัสเซียในทุกมิติ ทั้งในระดับทวิภาคีและระดับภูมิภาค"
"117","http://tradelogistics.go.th/uploads/posts/5ca32e8e59850.jpg","http://tradelogistics.go.th/สถานการณ์โลจิสติกส์/ข่าวกิจกรรม/เอสซีจีฯ-หนุนไทยเป็นฮับโลจิสติกส์ของเออีซี","2016-04-29 00:00:00","445","TH","เอสซีจีฯ หนุนไทยเป็นฮับโลจิสติกส์ของเออีซี"
"118","http://tradelogistics.go.th/uploads/posts/5ca32ead76cfa.jpg","http://tradelogistics.go.th/สถานการณ์โลจิสติกส์/ข่าวกิจกรรม/สมคิดตั้งฟรีเทรดโซนตะวันออก-ยกชั้นไทยศูนย์กลางการค้า-ลงทุน","2016-04-28 00:00:00","445","TH","""สมคิด""ตั้ง""ฟรีเทรดโซน""ตะวันออก ยกชั้นไทยศูนย์กลางการค้า-ลงทุน"
"119","http://tradelogistics.go.th/uploads/posts/5ca325b5dfd05.png","http://tradelogistics.go.th/สถานการณ์โลจิสติกส์/ข่าวกิจกรรม/dksh-และ-pfizer-ร่วมมือกันขยายตลาดในประเทศไทย","2016-04-25 00:00:00","445","TH","DKSH และ Pfizer ร่วมมือกันขยายตลาดในประเทศไทย"
"120","http://tradelogistics.go.th/uploads/posts/5ca32abdca651.png","http://tradelogistics.go.th/สถานการณ์โลจิสติกส์/ข่าวกิจกรรม/เร่งสร้างท่าเทียบเรือเอนกประสงค์คลองใหญ่-จตราด-รองรับการนำเข้า-ส่งออก-กับกัมพูชาและเวียดนาม","2016-04-24 00:00:00","445","TH","เร่งสร้างท่าเทียบเรือเอนกประสงค์คลองใหญ่ จ.ตราด รองรับการนำเข้า-ส่งออก  กับกัมพูชาและเวียดนาม"
"121","http://tradelogistics.go.th/uploads/posts/5ca3254e6c1c0.jpg","http://tradelogistics.go.th/สถานการณ์โลจิสติกส์/ข่าวกิจกรรม/ผู้นำเศรษฐกิจเตือนกลุ่มจี-20-ระวังความเสี่ยงจากกลุ่มผู้ต่อต้านการค้า","2016-04-22 00:00:00","445","TH","ผู้นำเศรษฐกิจเตือนกลุ่มจี-20 ระวังความเสี่ยงจากกลุ่มผู้ต่อต้านการค้า"
"122","http://tradelogistics.go.th/uploads/posts/5ca323ee930d1.png","http://tradelogistics.go.th/สถานการณ์โลจิสติกส์/ข่าวกิจกรรม/golden-gate-ventures-เล็งลงทุนในกองทุนของตลาดเอเชียตะวันออกเฉียงใต้","2016-04-21 00:00:00","445","TH","Golden Gate Ventures เล็งลงทุนในกองทุนของตลาดเอเชียตะวันออกเฉียงใต้"
"123","http://tradelogistics.go.th/uploads/posts/5ca3235289102.png","http://tradelogistics.go.th/สถานการณ์โลจิสติกส์/ข่าวกิจกรรม/รายงานข่าว-ata-ปริมาณการขนส่งเพิ่มขึ้น-2026","2016-04-20 00:00:00","445","TH","รายงานข่าว ATA ปริมาณการขนส่งเพิ่มขึ้น  2026"
"124","http://tradelogistics.go.th/uploads/posts/5ca32167dda8d.jpg","http://tradelogistics.go.th/สถานการณ์โลจิสติกส์/ข่าวกิจกรรม/มุกดาหาร-ปิดจุดอ่อนเมืองทางผ่าน-r9-เร่งแจ้งเกิดฮับโลจิสติกส์-truck-terminal","2016-04-19 00:00:00","445","TH","""มุกดาหาร"" ปิดจุดอ่อนเมืองทางผ่าน R9 เร่งแจ้งเกิดฮับโลจิสติกส์-Truck Terminal"
"125","http://tradelogistics.go.th/uploads/posts/5ca320e74c211.jpg","http://tradelogistics.go.th/สถานการณ์โลจิสติกส์/ข่าวกิจกรรม/เพิ่มศักยภาพขนส่งสินค้า-เอกชนขอลงทุนสร้างท่าเรือแหลมฉบัง-3","2016-04-18 00:00:00","445","TH","เพิ่มศักยภาพขนส่งสินค้า เอกชนขอลงทุนสร้างท่าเรือแหลมฉบัง 3"
"126","http://tradelogistics.go.th/uploads/posts/5ca318c64eaf3.png","http://tradelogistics.go.th/สถานการณ์โลจิสติกส์/ข่าวกิจกรรม/เปิดประตูชายแดน-สานฝันผลักดันเชียงราย-สู่ฮับโลจิสติกส์ภูมิภาคอาเซียน","2016-04-15 00:00:00","445","TH","เปิดประตูชายแดน สานฝันผลักดันเชียงราย สู่ฮับโลจิสติกส์ภูมิภาคอาเซียน"
"127","http://tradelogistics.go.th/uploads/posts/5ca316dbe3e5c.jpg","http://tradelogistics.go.th/สถานการณ์โลจิสติกส์/ข่าวกิจกรรม/นักวิชาการจุฬาฯหนุนคมนาคม-เชื่อมโยงรถ-เรือ-รางรับแผนพัฒนาท่าเรือคลองเตย","2016-04-14 00:00:00","445","TH","นักวิชาการจุฬาฯหนุนคมนาคม เชื่อมโยงรถ-เรือ-รางรับแผนพัฒนาท่าเรือคลองเตย"
"128","http://tradelogistics.go.th/uploads/posts/5ca315f2e4cd5.png","http://tradelogistics.go.th/สถานการณ์โลจิสติกส์/ข่าวกิจกรรม/นักธุรกิจรายใหญ่ดูไบสนใจลงทุนโลจิสติกส์ในไทย","2016-04-13 00:00:00","445","TH","นักธุรกิจรายใหญ่ดูไบสนใจลงทุนโลจิสติกส์ในไทย"
"129","http://tradelogistics.go.th/uploads/posts/5ca30f824bd03.jpg","http://tradelogistics.go.th/สถานการณ์โลจิสติกส์/ข่าวกิจกรรม/ทางเชื่อม-อินเดีย-พม่า-สัมพันธ์ดี-เศรษฐกิจโต","2016-04-12 00:00:00","445","TH","ทางเชื่อม ""อินเดีย-พม่า"" สัมพันธ์ดี-เศรษฐกิจโต"
"130","http://tradelogistics.go.th/uploads/posts/5ca30e60d19c4.png","http://tradelogistics.go.th/สถานการณ์โลจิสติกส์/ข่าวกิจกรรม/ดีเอชแอล-ศศปและคอมเกตเวย์-ร่วมสร้างช่องทางการค้าใหม่เพื่อดึงดูดผู้ซื้อต่างชาติ","2016-04-11 00:00:00","445","TH","ดีเอชแอล ศศป.และคอมเกตเวย์ ร่วมสร้างช่องทางการค้าใหม่เพื่อดึงดูดผู้ซื้อต่างชาติ"
"131","http://tradelogistics.go.th/uploads/posts/5ca30d2067081.jpg","http://tradelogistics.go.th/สถานการณ์โลจิสติกส์/ข่าวกิจกรรม/เฉือนที่-‘โคกภูกระแต’-1860-ไร่ผุดนิคมอุตสาหกรรม-เขตศกพิเศษนครพนมประตูสู่อาเซียน","2016-04-08 00:00:00","445","TH","เฉือนที่ ‘โคกภูกระแต’ 1,860 ไร่ผุดนิคมอุตสาหกรรม เขตศก.พิเศษนครพนมประตูสู่อาเซียน"
"132","http://tradelogistics.go.th/uploads/posts/5ca30bb03705c.jpg","http://tradelogistics.go.th/สถานการณ์โลจิสติกส์/ข่าวกิจกรรม/คมนาคมเร่งแผนแม่บทจาก-15-ปี-เหลือ-6-ปี-รถไฟเชียงรายถึงแหลมฉบัง","2016-04-07 00:00:00","445","TH","คมนาคมเร่งแผนแม่บทจาก 15 ปี เหลือ 6 ปี รถไฟเชียงรายถึงแหลมฉบัง"
"133","http://tradelogistics.go.th/uploads/posts/5ca30b2d8c29c.png","http://tradelogistics.go.th/สถานการณ์โลจิสติกส์/ข่าวกิจกรรม/กระทรวงพาณิชย์-เชื่องานบางกอกเจมส์-ติด-1-ใน-3-ของโลกใน-2-ปี","2016-04-06 00:00:00","445","TH","กระทรวงพาณิชย์ เชื่องานบางกอกเจมส์ ติด 1 ใน 3 ของโลกใน 2 ปี"
"134","http://tradelogistics.go.th/uploads/posts/5ca30adc7ae39.png","http://tradelogistics.go.th/สถานการณ์โลจิสติกส์/ข่าวกิจกรรม/คณะกรรมการร่วมภาคเอกชน-3-สถาบัน-คงคาดการณ์เศรษฐกิจปีนี้ขยายตัว-3-35","2016-04-06 00:00:00","445","TH","คณะกรรมการร่วมภาคเอกชน 3 สถาบัน คงคาดการณ์เศรษฐกิจปีนี้ขยายตัว 3-3.5%"
"135","http://tradelogistics.go.th/uploads/posts/5ca30a8592cca.png","http://tradelogistics.go.th/สถานการณ์โลจิสติกส์/ข่าวกิจกรรม/ไทยและสหรัฐอเมริกา-เร่งยกระดับความสัมพันธ์ทางการค้า-ครั้งแรกในรอบ-13-ปี","2016-04-05 00:00:00","445","TH","ไทยและสหรัฐอเมริกา เร่งยกระดับความสัมพันธ์ทางการค้า ครั้งแรกในรอบ 13 ปี"
"136","http://tradelogistics.go.th/uploads/posts/5ca309d01a78f.png","http://tradelogistics.go.th/สถานการณ์โลจิสติกส์/ข่าวกิจกรรม/เอกอัครราชทูตสาธารณรัฐเกาหลีใต้เข้าหารือรัฐมนตรีว่าการกระทรวงพาณิชย์-เร่งกระตุ้นการค้าการลงทุนระหว่างกัน","2016-04-04 00:00:00","445","TH","เอกอัครราชทูตสาธารณรัฐเกาหลีใต้เข้าหารือรัฐมนตรีว่าการกระทรวงพาณิชย์  เร่งกระตุ้นการค้าการลงทุนระหว่างกัน "
"137","http://tradelogistics.go.th/uploads/posts/5ca30a065ab14.jpg","http://tradelogistics.go.th/สถานการณ์โลจิสติกส์/ข่าวกิจกรรม/กระทรวงพาณิชย์จับมือกระทรวงวิทยาศาสตร์ฯ-ร่วมงานสตาร์ทอัพหนุนสร้างความเข้มแข็งให้ผู้ประกอบการหน้าใหม่","2016-04-01 00:00:00","445","TH","กระทรวงพาณิชย์จับมือกระทรวงวิทยาศาสตร์ฯ  ร่วมงานสตาร์ทอัพหนุนสร้างความเข้มแข็งให้ผู้ประกอบการหน้าใหม่"
